{
   "steps" : [
      {
         "data" : [ 1, 1, 0, 0, 0, 0, 0, 0 ],
         "duration" : 120
      },
      {
         "data" : [ 1, 1, 1, 1, 0, 0, 0, 0 ],
         "duration" : 120
      },
      {
         "data" : [ 1, 1, 1, 1, 1, 1, 0, 0 ],
         "duration" : 120
      },
      {
         "data" : [ 1, 1, 1, 1, 1, 1, 1, 1 ],
         "duration" : 120
      },
      {
         "data" : [ 0, 0, 1, 1, 1, 1, 1, 1 ],
         "duration" : 120
      },
      {
         "data" : [ 0, 0, 0, 0, 1, 1, 1, 1 ],
         "duration" : 120
      },
      {
         "data" : [ 0, 0, 0, 0, 0, 0, 1, 1 ],
         "duration" : 120
      },
      {
         "data" : [ 0, 0, 0, 0, 0, 0, 0, 0 ],
         "duration" : 185
      },
      {
         "data" : [ 0, 0, 0, 0, 0, 0, 1, 1 ],
         "duration" : 120
      },
      {
         "data" : [ 0, 0, 0, 0, 1, 1, 1, 1 ],
         "duration" : 120
      },
      {
         "data" : [ 0, 0, 1, 1, 1, 1, 1, 1 ],
         "duration" : 120
      },
      {
         "data" : [ 1, 1, 1, 1, 1, 1, 1, 1 ],
         "duration" : 120
      },
      {
         "data" : [ 1, 1, 1, 1, 1, 1, 0, 0 ],
         "duration" : 120
      },
      {
         "data" : [ 1, 1, 1, 1, 0, 0, 0, 0 ],
         "duration" : 120
      },
      {
         "data" : [ 1, 1, 0, 0, 0, 0, 0, 0 ],
         "duration" : 120
      },
      {
         "data" : [ 0, 0, 0, 0, 0, 0, 0, 0 ],
         "duration" : 185
      }
   ]
}
