{
   "lightGroups" : [
      {
         "alwaysEnabled" : false,
         "color1" : {
            "a" : 255,
            "b" : 0,
            "g" : 0,
            "r" : 255
         },
         "color2" : {
            "a" : 255,
            "b" : 255,
            "g" : 0,
            "r" : 0
         },
         "color3" : {
            "a" : 255,
            "b" : 255,
            "g" : 255,
            "r" : 255
         },
         "coronaTexture" : 0,
         "curve" : 0.0,
         "distance" : 0.2800000011920929,
         "flareDistance" : 100.0,
         "flareIntensity" : 0.34000098705291748,
         "flareTexture" : 1,
         "freezeLights" : false,
         "lightSlotId" : 0,
         "nearClip" : -0.30000001192092896,
         "offset" : {
            "x" : 0.0,
            "y" : -0.37000000476837158,
            "z" : 0.9100000262260437
         },
         "patternOffset" : 0,
         "pointLightDistance" : 60.0,
         "pointLightIntensity" : 1.0,
         "points" : [
            {
               "customColor" : {
                  "a" : 255,
                  "b" : 0,
                  "g" : 255,
                  "r" : 255
               },
               "customOffset" : {
                  "x" : 0.0,
                  "y" : 0.0,
                  "z" : 0.0
               },
               "useCustomColor" : false
            },
            {
               "customColor" : {
                  "a" : 255,
                  "b" : 0,
                  "g" : 255,
                  "r" : 255
               },
               "customOffset" : {
                  "x" : 0.0,
                  "y" : 0.0,
                  "z" : 0.0
               },
               "useCustomColor" : false
            },
            {
               "customColor" : {
                  "a" : 255,
                  "b" : 0,
                  "g" : 255,
                  "r" : 255
               },
               "customOffset" : {
                  "x" : 0.0,
                  "y" : 0.0,
                  "z" : 0.0
               },
               "useCustomColor" : false
            },
            {
               "customColor" : {
                  "a" : 255,
                  "b" : 0,
                  "g" : 255,
                  "r" : 255
               },
               "customOffset" : {
                  "x" : 0.0,
                  "y" : 0.0,
                  "z" : 0.0
               },
               "useCustomColor" : false
            },
            {
               "customColor" : {
                  "a" : 255,
                  "b" : 0,
                  "g" : 255,
                  "r" : 255
               },
               "customOffset" : {
                  "x" : 0.0,
                  "y" : 0.0,
                  "z" : 0.0
               },
               "useCustomColor" : false
            },
            {
               "customColor" : {
                  "a" : 255,
                  "b" : 0,
                  "g" : 255,
                  "r" : 255
               },
               "customOffset" : {
                  "x" : 0.0,
                  "y" : 0.0,
                  "z" : 0.0
               },
               "useCustomColor" : false
            }
         ],
         "radius" : 1.0,
         "renderPointLight" : true,
         "renderShadow" : true,
         "shadowFlipTextures" : false,
         "shadowIntensity" : 0.21000100672245026,
         "shadowPositionX" : 0.0,
         "shadowPositionY" : 0.0,
         "shadowRotation" : 0.0,
         "shadowSize" : 5.0,
         "shadowTexture" : 3,
         "smallWhiteCoronaColor" : {
            "a" : 255,
            "b" : 255,
            "g" : 255,
            "r" : 255
         },
         "smallWhiteCoronaScale" : 0.30000001192092896,
         "smallWhiteCoronaTexture" : 0,
         "useFlare" : true,
         "useSmallWhiteCorona" : true
      },
      {
         "alwaysEnabled" : false,
         "color1" : {
            "a" : 255,
            "b" : 0,
            "g" : 0,
            "r" : 255
         },
         "color2" : {
            "a" : 255,
            "b" : 255,
            "g" : 0,
            "r" : 0
         },
         "color3" : {
            "a" : 255,
            "b" : 255,
            "g" : 255,
            "r" : 255
         },
         "coronaTexture" : 0,
         "curve" : 0.0,
         "distance" : 0.4699999988079071,
         "flareDistance" : 100.0,
         "flareIntensity" : 1.0,
         "flareTexture" : 1,
         "freezeLights" : false,
         "lightSlotId" : 0,
         "nearClip" : -1.1199990510940552,
         "offset" : {
            "x" : 0.0,
            "y" : 2.4399979114532471,
            "z" : 0.010001000016927719
         },
         "patternOffset" : 0,
         "pointLightDistance" : 60.0,
         "pointLightIntensity" : 1.0,
         "points" : [
            {
               "customColor" : {
                  "a" : 255,
                  "b" : 0,
                  "g" : 255,
                  "r" : 255
               },
               "customOffset" : {
                  "x" : 0.0,
                  "y" : 0.0,
                  "z" : 0.0
               },
               "useCustomColor" : false
            },
            {
               "customColor" : {
                  "a" : 255,
                  "b" : 0,
                  "g" : 255,
                  "r" : 255
               },
               "customOffset" : {
                  "x" : 0.0,
                  "y" : 0.0,
                  "z" : 0.0
               },
               "useCustomColor" : false
            }
         ],
         "radius" : 1.0,
         "renderPointLight" : false,
         "renderShadow" : true,
         "shadowFlipTextures" : false,
         "shadowIntensity" : 0.80000001192092896,
         "shadowPositionX" : 0.0,
         "shadowPositionY" : 0.0,
         "shadowRotation" : 0.0,
         "shadowSize" : 0.50998097658157349,
         "shadowTexture" : 3,
         "smallWhiteCoronaColor" : {
            "a" : 255,
            "b" : 255,
            "g" : 255,
            "r" : 255
         },
         "smallWhiteCoronaScale" : 0.30000001192092896,
         "smallWhiteCoronaTexture" : 0,
         "useFlare" : false,
         "useSmallWhiteCorona" : true
      },
      {
         "alwaysEnabled" : false,
         "color1" : {
            "a" : 255,
            "b" : 0,
            "g" : 0,
            "r" : 255
         },
         "color2" : {
            "a" : 255,
            "b" : 0,
            "g" : 0,
            "r" : 255
         },
         "color3" : {
            "a" : 255,
            "b" : 255,
            "g" : 255,
            "r" : 255
         },
         "coronaTexture" : 0,
         "curve" : 0.0,
         "distance" : 1.5599989891052246,
         "flareDistance" : 100.0,
         "flareIntensity" : 1.0,
         "flareTexture" : 1,
         "freezeLights" : false,
         "lightSlotId" : 0,
         "nearClip" : -0.30000001192092896,
         "offset" : {
            "x" : 0.0,
            "y" : -2.7199978828430176,
            "z" : -0.0099989995360374451
         },
         "patternOffset" : 0,
         "pointLightDistance" : 60.0,
         "pointLightIntensity" : 1.0,
         "points" : [
            {
               "customColor" : {
                  "a" : 255,
                  "b" : 0,
                  "g" : 255,
                  "r" : 255
               },
               "customOffset" : {
                  "x" : 0.0,
                  "y" : 0.0,
                  "z" : 0.0
               },
               "useCustomColor" : false
            },
            {
               "customColor" : {
                  "a" : 255,
                  "b" : 0,
                  "g" : 255,
                  "r" : 255
               },
               "customOffset" : {
                  "x" : 0.0,
                  "y" : 0.0,
                  "z" : 0.0
               },
               "useCustomColor" : false
            }
         ],
         "radius" : 1.0,
         "renderPointLight" : false,
         "renderShadow" : true,
         "shadowFlipTextures" : false,
         "shadowIntensity" : 0.87000000476837158,
         "shadowPositionX" : 0.0,
         "shadowPositionY" : 0.0,
         "shadowRotation" : 0.0,
         "shadowSize" : 0.45998099446296692,
         "shadowTexture" : 3,
         "smallWhiteCoronaColor" : {
            "a" : 255,
            "b" : 255,
            "g" : 255,
            "r" : 255
         },
         "smallWhiteCoronaScale" : 0.30000001192092896,
         "smallWhiteCoronaTexture" : 0,
         "useFlare" : false,
         "useSmallWhiteCorona" : true
      }
   ],
   "version" : "3.0.0"
}
