{
   "lightGroups" : [
      {
         "alwaysEnabled" : false,
         "color1" : {
            "a" : 255,
            "b" : 0,
            "g" : 0,
            "r" : 255
         },
         "color2" : {
            "a" : 255,
            "b" : 0,
            "g" : 67,
            "r" : 255
         },
         "color3" : {
            "a" : 255,
            "b" : 255,
            "g" : 255,
            "r" : 255
         },
         "coronaTexture" : 0,
         "curve" : 0.0,
         "distance" : 0.46000000834465027,
         "flareDistance" : 100.0,
         "flareIntensity" : 0.85000002384185791,
         "flareTexture" : 1,
         "freezeLights" : false,
         "lightSlotId" : 0,
         "nearClip" : -0.30000001192092896,
         "offset" : {
            "x" : 0.0,
            "y" : 3.2199969291687012,
            "z" : 1.3400000333786011
         },
         "patternOffset" : 0,
         "pointLightDistance" : 60.0,
         "pointLightIntensity" : 1.0,
         "points" : [
            {
               "customColor" : {
                  "a" : 255,
                  "b" : 0,
                  "g" : 255,
                  "r" : 255
               },
               "customOffset" : {
                  "x" : 0.0,
                  "y" : 0.0,
                  "z" : 0.0
               },
               "useCustomColor" : false
            },
            {
               "customColor" : {
                  "a" : 255,
                  "b" : 0,
                  "g" : 255,
                  "r" : 255
               },
               "customOffset" : {
                  "x" : 0.0,
                  "y" : 0.0,
                  "z" : 0.0
               },
               "useCustomColor" : false
            },
            {
               "customColor" : {
                  "a" : 255,
                  "b" : 0,
                  "g" : 255,
                  "r" : 255
               },
               "customOffset" : {
                  "x" : 0.0,
                  "y" : 0.0,
                  "z" : 0.0
               },
               "useCustomColor" : false
            },
            {
               "customColor" : {
                  "a" : 255,
                  "b" : 0,
                  "g" : 255,
                  "r" : 255
               },
               "customOffset" : {
                  "x" : 0.0,
                  "y" : 0.0,
                  "z" : 0.0
               },
               "useCustomColor" : false
            }
         ],
         "radius" : 1.3700000047683716,
         "renderPointLight" : true,
         "renderShadow" : true,
         "shadowFlipTextures" : false,
         "shadowIntensity" : 0.21000100672245026,
         "shadowPositionX" : 0.0,
         "shadowPositionY" : 0.0,
         "shadowRotation" : 0.0,
         "shadowSize" : 3.8699769973754883,
         "shadowTexture" : 3,
         "smallWhiteCoronaColor" : {
            "a" : 255,
            "b" : 255,
            "g" : 255,
            "r" : 255
         },
         "smallWhiteCoronaScale" : 0.30000001192092896,
         "smallWhiteCoronaTexture" : 0,
         "useFlare" : true,
         "useSmallWhiteCorona" : true
      },
      {
         "alwaysEnabled" : false,
         "color1" : {
            "a" : 255,
            "b" : 0,
            "g" : 0,
            "r" : 255
         },
         "color2" : {
            "a" : 255,
            "b" : 0,
            "g" : 2,
            "r" : 255
         },
         "color3" : {
            "a" : 255,
            "b" : 255,
            "g" : 255,
            "r" : 255
         },
         "coronaTexture" : 0,
         "curve" : 0.0,
         "distance" : 2.0399980545043945,
         "flareDistance" : 100.0,
         "flareIntensity" : 1.0,
         "flareTexture" : 1,
         "freezeLights" : false,
         "lightSlotId" : 0,
         "nearClip" : -0.30000001192092896,
         "offset" : {
            "x" : 0.0,
            "y" : -3.419996976852417,
            "z" : 0.23000100255012512
         },
         "patternOffset" : 0,
         "pointLightDistance" : 60.0,
         "pointLightIntensity" : 1.0,
         "points" : [
            {
               "customColor" : {
                  "a" : 255,
                  "b" : 0,
                  "g" : 255,
                  "r" : 255
               },
               "customOffset" : {
                  "x" : 0.0,
                  "y" : 0.0,
                  "z" : 0.0
               },
               "useCustomColor" : false
            },
            {
               "customColor" : {
                  "a" : 255,
                  "b" : 0,
                  "g" : 255,
                  "r" : 255
               },
               "customOffset" : {
                  "x" : 0.0,
                  "y" : 0.0,
                  "z" : 0.0
               },
               "useCustomColor" : false
            }
         ],
         "radius" : 1.0,
         "renderPointLight" : true,
         "renderShadow" : true,
         "shadowFlipTextures" : false,
         "shadowIntensity" : 0.5899999737739563,
         "shadowPositionX" : 0.0,
         "shadowPositionY" : 0.0,
         "shadowRotation" : 0.0,
         "shadowSize" : 1.0399800539016724,
         "shadowTexture" : 3,
         "smallWhiteCoronaColor" : {
            "a" : 255,
            "b" : 255,
            "g" : 255,
            "r" : 255
         },
         "smallWhiteCoronaScale" : 0.30000001192092896,
         "smallWhiteCoronaTexture" : 0,
         "useFlare" : false,
         "useSmallWhiteCorona" : true
      }
   ],
   "version" : "3.0.0"
}
